{
	"Congressional District 1": ["Wendy Rosen", "Andy Harris"],
	"Congressional District 2": ["Dutch Ruppersberger", "Nancy Jacobs"],
	"Congressional District 3": ["John Sarbanes", "Eric Delano Knowles"],
	"Congressional District 4": ["Donna Edwards", "Faith Loudon"],
	"Congressional District 5": ["Steny Hoyer", "Anthony O'Donnell"],
	"Congressional District 6": ["John Delaney", "Roscoe Bartlett"],
	"Congressional District 7": ["Elijah Cummings", "Frank Mirabile, Jr."],
	"Congressional District 8": ["Chris Van Hollen", "Ken Timmerman"]
}