{
	"Congressional District 1" : ["William Lacy Clay", "Robyn Hamlin"],
	"Congressional District 2" : ["Glenn Koenen", "Ann Wagner"],
	"Congressional District 3" : ["Eric C. Mayer", "Blaine Luetkemeyer"],
	"Congressional District 4" : ["Teresa Hensley", "Vicky Hartzler"],
	"Congressional District 5" : ["Emanuel Cleaver", "Jacob Turk"],
	"Congressional District 6" : ["Kyle Yarber", "Sam Graves"],
	"Congressional District 7" : ["Jim Evans", "Billy Long"],
	"Congressional District 8" : ["Jack Rushin", "Jo Ann Emerson"],
	"Congressional District 9" : ["N/A", "Blaine Luetkemeyer"]
}