<?xml version='1.0' encoding='utf-8'?>
<!DOCTYPE hibernate-configuration PUBLIC
        "-//Hibernate/Hibernate Configuration DTD//EN"
        "http://www.hibernate.org/dtd/hibernate-configuration-3.0.dtd">
<hibernate-configuration>
    <session-factory>
        <property name="hibernate.dialect">org.hibernate.dialect.MySQLDialect</property>
        <property name="hibernate.connection.driver_class">com.mysql.jdbc.Driver</property>
        <property name="hibernate.connection.url">jdbc:mysql://localhost:3306/cse308</property>
        <property name="show_sql">true</property>

        <property name="hibernate.current_session_context_class">org.hibernate.context.internal.ThreadLocalSessionContext</property>

        <mapping class="com.expos.models.UsersEntity"/>
        <mapping class="com.expos.models.UsersEntity"/>

        <!-- DB schema will be updated if needed -->
        <!-- <property name="hbm2ddl.auto">update</property> -->
    </session-factory>
</hibernate-configuration>