<?xml version="1.0" encoding="UTF-8"?>
<beans xmlns="http://www.springframework.org/schema/beans"
       xmlns:xsi="http://www.w3.org/2001/XMLSchema-instance"
       xmlns:context="http://www.springframework.org/schema/context"
       xmlns:mvc="http://www.springframework.org/schema/mvc"
       xsi:schemaLocation="http://www.springframework.org/schema/beans
       http://www.springframework.org/schema/beans/spring-beans.xsd
       http://www.springframework.org/schema/context
       http://www.springframework.org/schema/context/spring-context.xsd
       http://www.springframework.org/schema/mvc
       http://www.springframework.org/schema/mvc/spring-mvc.xsd">

    <mvc:annotation-driven/>
    <context:component-scan base-package="com.expos.controllers"/>
    <context:component-scan base-package="com.expos.services"/>
    <context:component-scan base-package="com.expos.dao"/>
    <context:component-scan base-package="com.expos.models"/>
    <context:component-scan base-package="com.expos.hibernate"/>

    <context:property-placeholder location="WEB-INF/application.properties"/>

    <mvc:resources mapping="/res/css/**" location="res/css/"/>
    <mvc:resources mapping="/res/img/**" location="res/img/"/>
    <mvc:resources mapping="/res/js/**" location="res/js/"/>


    <bean class="org.springframework.web.servlet.view.InternalResourceViewResolver">
        <property name="prefix" value="/WEB-INF/views/"/>
        <property name="suffix" value=".jsp"/>
    </bean>


</beans>